{
  "id": "1530321",
  "name": "timeline",
  "font_family": "iconfont",
  "css_prefix_text": "icon-",
  "description": "",
  "glyphs": [
    {
      "icon_id": "7624",
      "name": "删除",
      "font_class": "shanchu",
      "unicode": "e600",
      "unicode_decimal": 58880
    },
    {
      "icon_id": "125896",
      "name": "错误",
      "font_class": "error-gap",
      "unicode": "e605",
      "unicode_decimal": 58885
    },
    {
      "icon_id": "372104",
      "name": "cc-arrow-left-circle",
      "font_class": "circle-left",
      "unicode": "e60a",
      "unicode_decimal": 58890
    },
    {
      "icon_id": "372110",
      "name": "cc-arrow-up-circle",
      "font_class": "circle-up",
      "unicode": "e611",
      "unicode_decimal": 58897
    },
    {
      "icon_id": "429242",
      "name": "对号",
      "font_class": "checkmark-empty",
      "unicode": "e610",
      "unicode_decimal": 58896
    },
    {
      "icon_id": "538489",
      "name": "加",
      "font_class": "jia",
      "unicode": "e641",
      "unicode_decimal": 58945
    },
    {
      "icon_id": "538491",
      "name": "减",
      "font_class": "jian",
      "unicode": "e643",
      "unicode_decimal": 58947
    },
    {
      "icon_id": "584012",
      "name": "感叹号",
      "font_class": "alert-empty",
      "unicode": "e606",
      "unicode_decimal": 58886
    },
    {
      "icon_id": "603298",
      "name": "向上-排序",
      "font_class": "keyboard-xiangxia",
      "unicode": "e609",
      "unicode_decimal": 58889
    },
    {
      "icon_id": "689324",
      "name": "圆点小",
      "font_class": "yuandian",
      "unicode": "e82f",
      "unicode_decimal": 59439
    },
    {
      "icon_id": "759673",
      "name": "arrow",
      "font_class": "circle-down",
      "unicode": "e612",
      "unicode_decimal": 58898
    },
    {
      "icon_id": "759681",
      "name": "arrow",
      "font_class": "circle-right",
      "unicode": "e614",
      "unicode_decimal": 58900
    },
    {
      "icon_id": "839002",
      "name": "圆点",
      "font_class": "yuandianxiao",
      "unicode": "e630",
      "unicode_decimal": 58928
    },
    {
      "icon_id": "904047",
      "name": "感叹号",
      "font_class": "alert-full",
      "unicode": "e685",
      "unicode_decimal": 59013
    },
    {
      "icon_id": "991426",
      "name": "错误",
      "font_class": "error-empty",
      "unicode": "e616",
      "unicode_decimal": 58902
    },
    {
      "icon_id": "1127328",
      "name": "方选中框",
      "font_class": "square-checked",
      "unicode": "e607",
      "unicode_decimal": 58887
    },
    {
      "icon_id": "1239935",
      "name": "对号2",
      "font_class": "checkmark-full",
      "unicode": "e69e",
      "unicode_decimal": 59038
    },
    {
      "icon_id": "1260192",
      "name": "aixin",
      "font_class": "aixin",
      "unicode": "e63e",
      "unicode_decimal": 58942
    },
    {
      "icon_id": "1309828",
      "name": "对",
      "font_class": "checkmark",
      "unicode": "e624",
      "unicode_decimal": 58916
    },
    {
      "icon_id": "1335427",
      "name": "方选择框icon",
      "font_class": "square-border-unchecked",
      "unicode": "e678",
      "unicode_decimal": 59000
    },
    {
      "icon_id": "1381408",
      "name": "loading1",
      "font_class": "loading1",
      "unicode": "e633",
      "unicode_decimal": 58931
    },
    {
      "icon_id": "1393676",
      "name": "keyboard_dismiss",
      "font_class": "keyboard-down",
      "unicode": "e6fb",
      "unicode_decimal": 59131
    },
    {
      "icon_id": "1440878",
      "name": "错号",
      "font_class": "error",
      "unicode": "e632",
      "unicode_decimal": 58930
    },
    {
      "icon_id": "1526342",
      "name": "圆形未选中",
      "font_class": "unchecked",
      "unicode": "e66d",
      "unicode_decimal": 58989
    },
    {
      "icon_id": "1546560",
      "name": "错误",
      "font_class": "error-full",
      "unicode": "e68c",
      "unicode_decimal": 59020
    },
    {
      "icon_id": "1704654",
      "name": "arrow-left",
      "font_class": "arrow-left",
      "unicode": "e6fd",
      "unicode_decimal": 59133
    },
    {
      "icon_id": "1727535",
      "name": "307感叹号",
      "font_class": "alert",
      "unicode": "e8ee",
      "unicode_decimal": 59630
    },
    {
      "icon_id": "1999831",
      "name": "emoji",
      "font_class": "weep",
      "unicode": "e603",
      "unicode_decimal": 58883
    },
    {
      "icon_id": "2667543",
      "name": "删除",
      "font_class": "keyboard-remove",
      "unicode": "e627",
      "unicode_decimal": 58919
    },
    {
      "icon_id": "2680814",
      "name": "flower",
      "font_class": "flower",
      "unicode": "e7c3",
      "unicode_decimal": 59331
    },
    {
      "icon_id": "3236663",
      "name": "正方 选择",
      "font_class": "square-unchecked",
      "unicode": "e66c",
      "unicode_decimal": 58988
    },
    {
      "icon_id": "3306031",
      "name": "五角星",
      "font_class": "pentagram",
      "unicode": "e601",
      "unicode_decimal": 58881
    },
    {
      "icon_id": "3312985",
      "name": "emoji",
      "font_class": "emoji",
      "unicode": "e604",
      "unicode_decimal": 58884
    },
    {
      "icon_id": "3329600",
      "name": "search-sm",
      "font_class": "search",
      "unicode": "e602",
      "unicode_decimal": 58882
    },
    {
      "icon_id": "4152427",
      "name": "向上-排序",
      "font_class": "keyboard-xiangshang",
      "unicode": "e649",
      "unicode_decimal": 58953
    },
    {
      "icon_id": "4153020",
      "name": "聊天-删除",
      "font_class": "keyboard-delete",
      "unicode": "e64a",
      "unicode_decimal": 58954
    },
    {
      "icon_id": "4580664",
      "name": "方形圆角勾选",
      "font_class": "square-border-checked",
      "unicode": "e63d",
      "unicode_decimal": 58941
    },
    {
      "icon_id": "4941019",
      "name": "arrow-left",
      "font_class": "arrow-up",
      "unicode": "e8ef",
      "unicode_decimal": 59631
    },
    {
      "icon_id": "4941020",
      "name": "arrow-left",
      "font_class": "arrow-right",
      "unicode": "e8f0",
      "unicode_decimal": 59632
    },
    {
      "icon_id": "4941021",
      "name": "arrow-left",
      "font_class": "arrow-down",
      "unicode": "e8f1",
      "unicode_decimal": 59633
    },
    {
      "icon_id": "5595553",
      "name": "checkicon",
      "font_class": "checkicon",
      "unicode": "e6cc",
      "unicode_decimal": 59084
    },
    {
      "icon_id": "6278926",
      "name": "question",
      "font_class": "question",
      "unicode": "e6cf",
      "unicode_decimal": 59087
    },
    {
      "icon_id": "2979491",
      "name": "loading",
      "font_class": "loading",
      "unicode": "e722",
      "unicode_decimal": 59170
    },
    {
      "icon_id": "5797543",
      "name": "camera",
      "font_class": "camera",
      "unicode": "e76a",
      "unicode_decimal": 59242
    },
    {
      "icon_id": "6259027",
      "name": "add-bank-card",
      "font_class": "add-bank-card",
      "unicode": "e71b",
      "unicode_decimal": 59163
    },
    {
      "icon_id": "11132412",
      "name": "warning",
      "font_class": "warning",
      "unicode": "e65c",
      "unicode_decimal": 58972
    },
    {
      "icon_id": "11678778",
      "name": "禁止",
      "font_class": "minus-circle",
      "unicode": "e637",
      "unicode_decimal": 58935
    },
    {
      "icon_id": "11372757",
      "name": "成功",
      "font_class": "chenggong",
      "unicode": "e8c3",
      "unicode_decimal": 59587
    },
    {
      "icon_id": "11372770",
      "name": "失败",
      "font_class": "shibai",
      "unicode": "e8c5",
      "unicode_decimal": 59589
    }
  ]
}
